1.2481,0.6632,1.2981,63.7122,53.5280,53.5280
0.8679,0.5786,1.4502,74.5916,48.1752,53.5280
0.6218,0.5038,1.9150,80.1877,58.1509,58.1509
0.5071,0.4949,2.2399,84.0806,51.7032,58.1509
0.3859,0.4702,2.6112,86.6006,55.9611,58.1509
0.3935,0.4430,3.0374,92.6573,60.3406,60.3406
0.2344,0.4411,3.4956,94.5777,56.5693,60.3406
0.1942,0.4563,3.6892,93.6827,62.1655,62.1655
0.1785,0.4643,3.8204,94.8818,59.0024,62.1655
0.1348,0.4682,4.1136,96.8631,60.0973,62.1655
0.0974,0.4771,4.8532,98.6444,59.6107,62.1655
0.0599,0.4858,5.0845,98.7921,61.1922,62.1655
0.0745,0.5154,5.1279,98.8964,63.8686,63.8686
0.0575,0.5155,5.2749,92.2141,64.1119,64.1119
0.0428,0.4532,2.9819,100.0000,36.9830,64.1119
0.0299,0.5353,0.6554,100.0000,51.7032,64.1119
0.0226,0.5158,0.1661,100.0000,56.9343,64.1119
0.0241,0.6005,0.1602,100.0000,57.0560,64.1119
0.0160,0.5835,0.2087,100.0000,54.3796,64.1119
0.0300,0.5470,0.1270,100.0000,48.7835,64.1119
0.1902,0.5435,0.5361,100.0000,59.7324,64.1119
0.0229,0.5130,0.1631,100.0000,59.7324,64.1119
0.9183,0.5934,0.3629,100.0000,52.7981,64.1119
0.2268,0.5902,0.3803,100.0000,54.8662,64.1119
0.0932,0.5804,0.2629,100.0000,54.7445,64.1119
0.0854,0.6092,0.3804,100.0000,54.2579,64.1119
0.0340,0.5920,0.1515,100.0000,55.9611,64.1119
0.0981,0.5642,0.4786,100.0000,55.3528,64.1119
0.0184,0.5136,0.1915,100.0000,55.9611,64.1119
0.0073,0.5093,0.2002,100.0000,59.6107,64.1119
0.0155,0.5524,0.1804,100.0000,61.9221,64.1119
0.0185,0.4759,0.3318,100.0000,58.8808,64.1119
0.0095,0.4998,0.3236,100.0000,55.2311,64.1119
0.0446,0.5337,0.1435,100.0000,55.5961,64.1119
0.0109,0.5066,0.1092,100.0000,55.8394,64.1119
0.0059,0.5328,0.2116,100.0000,59.8540,64.1119
0.0221,0.6332,0.1071,100.0000,55.7178,64.1119
0.2346,0.6251,0.6893,100.0000,59.8540,64.1119
0.0296,0.6393,0.3892,100.0000,60.3406,64.1119
0.0191,0.6140,0.4521,100.0000,56.2044,64.1119
0.0133,0.5691,0.1372,100.0000,59.7324,64.1119
0.0202,0.6073,0.1121,100.0000,59.7324,64.1119
0.0464,0.5862,0.2345,100.0000,56.3260,64.1119
0.0064,0.5885,0.1610,100.0000,60.9489,64.1119
0.0149,0.6328,0.1328,100.0000,60.2190,64.1119
0.0759,0.6250,0.1807,100.0000,51.8248,64.1119
0.0384,0.6325,0.1058,100.0000,55.3528,64.1119
0.0234,0.6203,0.0766,100.0000,55.2311,64.1119
0.0143,0.6148,0.1977,100.0000,55.8394,64.1119
0.0087,0.6361,0.0646,100.0000,54.1363,64.1119
0.0185,0.6550,0.0728,100.0000,53.4063,64.1119
0.1480,0.6446,0.9202,100.0000,50.4866,64.1119
0.0235,0.6428,0.4767,100.0000,53.1630,64.1119
0.0126,0.6267,0.3139,100.0000,54.9878,64.1119
0.0055,0.6326,0.1174,100.0000,53.4063,64.1119
0.0154,0.6865,0.5928,100.0000,60.0973,64.1119
0.0028,0.6680,0.0979,100.0000,59.7324,64.1119
0.0044,0.6312,0.2151,100.0000,56.0827,64.1119
0.0031,0.6350,0.2613,100.0000,54.0146,64.1119
0.0121,0.6486,0.2238,100.0000,52.9197,64.1119
0.0062,0.6266,0.2132,100.0000,51.3382,64.1119
0.0331,0.5921,0.2130,100.0000,57.9075,64.1119
0.0159,0.6055,0.2918,100.0000,61.5572,64.1119
0.0322,0.6495,0.5046,100.0000,62.2871,64.1119
0.1007,0.6275,0.2606,100.0000,58.8808,64.1119
0.0092,0.6523,0.2676,100.0000,61.1922,64.1119
0.1157,0.6650,0.4674,100.0000,64.2336,64.2336
0.1822,0.6613,1.6012,100.0000,53.7713,64.2336
0.0451,0.6213,0.4525,100.0000,52.1898,64.2336
0.0191,0.6737,0.1968,100.0000,51.3382,64.2336
0.0045,0.6358,0.3815,100.0000,52.1898,64.2336
0.0070,0.6353,0.1212,100.0000,54.9878,64.2336
0.0122,0.6146,0.2444,100.0000,57.6642,64.2336
0.0119,0.6871,0.2667,100.0000,68.0049,68.0049
0.0124,0.6736,0.3431,100.0000,55.1095,68.0049
0.0113,0.6538,0.4257,100.0000,58.2725,68.0049
0.0470,0.6311,0.1391,100.0000,61.1922,68.0049
0.0027,0.7045,0.2798,100.0000,59.4891,68.0049
0.0220,0.6670,0.0381,100.0000,64.1119,68.0049
0.0249,0.6885,0.4489,100.0000,59.3674,68.0049
0.6904,0.6553,0.5763,100.0000,63.2603,68.0049
0.0181,0.6497,0.4319,100.0000,60.0973,68.0049
0.0120,0.6397,0.5773,100.0000,59.3674,68.0049
0.0379,0.6679,0.2460,100.0000,59.4891,68.0049
0.0083,0.6671,0.1696,100.0000,61.1922,68.0049
0.0040,0.6817,0.2167,100.0000,60.8273,68.0049
0.0042,0.6920,0.3435,100.0000,59.3674,68.0049
0.0573,0.6616,0.4605,100.0000,59.0024,68.0049
0.0056,0.6709,0.1456,100.0000,55.7178,68.0049
0.0096,0.6335,0.1165,100.0000,54.9878,68.0049
0.0060,0.6170,0.2041,100.0000,58.6375,68.0049
0.0056,0.6595,0.2717,100.0000,61.8005,68.0049
0.0232,0.6674,0.1570,100.0000,60.9489,68.0049
0.0118,0.6461,0.1599,100.0000,59.3674,68.0049
0.0078,0.6557,0.0854,100.0000,54.7445,68.0049
0.0029,0.6496,0.0526,100.0000,56.9343,68.0049
0.0022,0.6454,0.4036,100.0000,56.9343,68.0049
0.0036,0.6839,0.0430,100.0000,59.0024,68.0049
0.0031,0.6318,0.0239,100.0000,59.0024,68.0049
0.0025,0.6683,0.1867,100.0000,56.6910,68.0049
0.0020,0.6736,0.0497,100.0000,59.0024,68.0049
0.0012,0.6485,0.1820,100.0000,59.0024,68.0049
0.0033,0.6777,0.1327,100.0000,55.9611,68.0049
0.0036,0.6485,0.1857,100.0000,55.2311,68.0049
0.0015,0.6527,0.0491,100.0000,59.0024,68.0049
0.0022,0.6597,0.0483,100.0000,60.4623,68.0049
0.0035,0.6691,0.1345,100.0000,59.0024,68.0049
0.2443,0.6489,0.5582,100.0000,68.3698,68.3698
0.0123,0.6593,0.2668,100.0000,65.8151,68.3698
0.0158,0.6604,0.2224,100.0000,57.4209,68.3698
0.0270,0.6646,0.3105,100.0000,60.3406,68.3698
0.0192,0.6960,0.1054,100.0000,59.1241,68.3698
0.0028,0.6746,0.2376,100.0000,56.5693,68.3698
0.0038,0.6794,0.1905,100.0000,56.5693,68.3698
0.0027,0.6898,0.1345,100.0000,53.8929,68.3698
0.0041,0.6432,0.1107,100.0000,53.1630,68.3698
0.0042,0.6646,0.0454,100.0000,53.1630,68.3698
0.0143,0.6590,0.8805,100.0000,59.1241,68.3698
0.0028,0.6648,0.0661,100.0000,59.0024,68.3698
0.0023,0.7316,0.1223,100.0000,61.4355,68.3698
0.4819,0.6939,0.2552,100.0000,56.8127,68.3698
0.0164,0.6653,0.1454,100.0000,57.4209,68.3698
0.0155,0.6733,0.0626,100.0000,57.4209,68.3698
0.0035,0.6407,0.0719,100.0000,56.9343,68.3698
0.0046,0.6568,0.0766,100.0000,56.9343,68.3698
0.0052,0.6648,0.0448,100.0000,59.0024,68.3698
0.0969,0.6773,0.6511,100.0000,53.0414,68.3698
0.0017,0.6606,0.1534,100.0000,53.1630,68.3698
0.0044,0.6879,0.0207,100.0000,53.1630,68.3698
0.0042,0.6726,0.1518,100.0000,53.1630,68.3698
0.0058,0.6719,0.0146,100.0000,53.1630,68.3698
0.0092,0.6475,0.0131,100.0000,53.1630,68.3698
0.1223,0.6664,0.0802,100.0000,53.1630,68.3698
0.0412,0.6357,0.2545,100.0000,57.0560,68.3698
0.0671,0.6236,0.1297,100.0000,60.3406,68.3698
0.0044,0.6589,0.5217,100.0000,60.3406,68.3698
0.0124,0.6627,0.1295,100.0000,57.0560,68.3698
0.0069,0.6633,0.1300,100.0000,54.1363,68.3698
0.0025,0.6692,0.0703,100.0000,54.8662,68.3698
0.0037,0.7089,0.0427,100.0000,54.8662,68.3698
0.0028,0.6556,0.1267,100.0000,54.8662,68.3698
0.0026,0.6595,0.1074,100.0000,54.8662,68.3698
0.0038,0.6699,0.1169,100.0000,54.8662,68.3698
0.0024,0.6889,0.0268,100.0000,54.8662,68.3698
0.0030,0.6960,0.0945,100.0000,52.5547,68.3698
0.0031,0.6777,0.0454,100.0000,53.1630,68.3698
0.0016,0.7005,0.0960,100.0000,53.1630,68.3698
0.0030,0.6733,0.0572,100.0000,54.0146,68.3698
0.0027,0.6561,0.0318,100.0000,53.1630,68.3698
0.0040,0.6618,0.1151,100.0000,55.8394,68.3698
0.0045,0.6765,0.0980,100.0000,51.0949,68.3698
0.0016,0.6831,0.0638,100.0000,51.0949,68.3698
0.0020,0.6720,0.1173,100.0000,52.7981,68.3698
0.0039,0.7031,0.0825,100.0000,53.1630,68.3698
0.0072,0.7423,0.0579,100.0000,53.1630,68.3698
0.0023,0.6941,0.1030,100.0000,53.1630,68.3698
0.0035,0.7258,0.0419,100.0000,54.7445,68.3698
0.0009,0.7134,0.0381,100.0000,54.8662,68.3698
0.5416,0.7085,0.5047,100.0000,52.0681,68.3698
0.0087,0.6793,0.0865,100.0000,51.0949,68.3698
0.0027,0.7001,0.0459,100.0000,51.0949,68.3698
0.0030,0.6945,0.0484,100.0000,51.0949,68.3698
0.0600,0.6687,0.1181,100.0000,49.7567,68.3698
0.0099,0.6580,0.1164,100.0000,49.5134,68.3698
0.0082,0.6773,0.1218,100.0000,53.2847,68.3698
0.0052,0.6956,0.0675,100.0000,53.1630,68.3698
0.0059,0.7083,0.2818,100.0000,52.7981,68.3698
0.0047,0.7152,0.0202,100.0000,52.7981,68.3698
0.0019,0.7020,0.0991,100.0000,52.7981,68.3698
0.0011,0.7127,0.0208,100.0000,52.7981,68.3698
0.0035,0.7157,0.0250,100.0000,54.8662,68.3698
0.0023,0.6851,0.0134,100.0000,54.8662,68.3698
0.0013,0.6786,0.0279,100.0000,52.7981,68.3698
0.0046,0.6686,0.0210,100.0000,52.7981,68.3698
0.0012,0.6888,0.0707,100.0000,54.2579,68.3698
0.0026,0.7146,0.1040,100.0000,55.1095,68.3698
0.0032,0.6882,0.0723,100.0000,54.7445,68.3698
0.0022,0.6836,0.0735,100.0000,54.8662,68.3698
0.4015,0.6777,0.1990,100.0000,55.9611,68.3698
0.3094,0.6841,0.3037,100.0000,54.2579,68.3698
0.0127,0.6738,0.0186,100.0000,54.8662,68.3698
0.0116,0.6599,0.0156,100.0000,54.8662,68.3698
0.0075,0.6960,0.1173,100.0000,54.8662,68.3698
0.0040,0.6471,0.0165,100.0000,54.8662,68.3698
0.0092,0.6789,0.1350,100.0000,54.8662,68.3698
0.0102,0.6705,0.0186,100.0000,54.8662,68.3698
0.0065,0.6839,0.1248,100.0000,54.8662,68.3698
0.0069,0.6695,0.0900,100.0000,54.8662,68.3698
0.0042,0.6736,0.0147,100.0000,54.8662,68.3698
0.0037,0.6834,0.0233,100.0000,52.6764,68.3698
0.0034,0.6869,0.0488,100.0000,50.7299,68.3698
0.0076,0.6851,0.1230,100.0000,44.7689,68.3698
0.0019,0.6837,0.1420,100.0000,42.7007,68.3698
0.0019,0.6992,0.2643,100.0000,48.4185,68.3698
0.0036,0.6955,0.1793,100.0000,50.2433,68.3698
0.0037,0.6802,0.1856,100.0000,52.7981,68.3698
0.0119,0.6863,0.1090,100.0000,56.9343,68.3698
0.0025,0.6742,0.0481,100.0000,58.7591,68.3698
0.0056,0.7015,0.4134,100.0000,58.3942,68.3698
0.0015,0.6855,0.3631,100.0000,54.2579,68.3698
0.0025,0.6993,0.0204,100.0000,54.8662,68.3698
0.0042,0.6948,0.0123,100.0000,54.8662,68.3698
0.0012,0.6915,0.0097,100.0000,54.8662,68.3698
0.0026,0.6976,0.1049,100.0000,54.8662,68.3698
0.0025,0.6777,0.0421,100.0000,58.7591,68.3698
0.1791,0.6534,0.2889,100.0000,63.7470,68.3698
0.0048,0.7000,0.0902,100.0000,58.3942,68.3698
0.0042,0.7239,0.0718,100.0000,57.4209,68.3698
0.0071,0.6989,0.6008,100.0000,53.4063,68.3698
0.0651,0.6944,0.3570,100.0000,58.0292,68.3698
0.0028,0.6675,0.1286,100.0000,60.9489,68.3698
0.0024,0.6863,0.0930,100.0000,62.2871,68.3698
0.0027,0.7074,0.2196,100.0000,59.8540,68.3698
0.2121,0.6940,0.1276,100.0000,57.1776,68.3698
0.0105,0.6862,0.0193,100.0000,57.1776,68.3698
0.0050,0.7338,0.0157,100.0000,57.1776,68.3698
0.0086,0.6787,0.0820,100.0000,55.1095,68.3698
0.0035,0.6895,0.2214,100.0000,54.8662,68.3698
0.0060,0.6895,0.0995,100.0000,56.0827,68.3698
0.0079,0.6577,0.3960,100.0000,44.0389,68.3698
0.0023,0.6725,0.4565,100.0000,48.6618,68.3698
0.0033,0.6898,0.2085,100.0000,53.6496,68.3698
0.0010,0.7007,0.2387,100.0000,50.4866,68.3698
0.0025,0.6973,0.1758,100.0000,53.6496,68.3698
0.0020,0.7033,0.1735,100.0000,55.2311,68.3698
0.0016,0.6873,0.1445,100.0000,58.8808,68.3698
0.0029,0.6928,0.1755,100.0000,57.6642,68.3698
0.0010,0.7008,0.1088,100.0000,56.6910,68.3698
0.1122,0.6881,0.0934,100.0000,57.1776,68.3698
0.0165,0.6824,0.1471,100.0000,58.0292,68.3698
0.0858,0.6644,1.4823,100.0000,58.7591,68.3698
0.0353,0.6741,0.1039,100.0000,58.3942,68.3698
0.0058,0.6978,0.0274,100.0000,58.7591,68.3698
0.0078,0.6943,0.0481,100.0000,58.7591,68.3698
0.0084,0.7187,0.0721,100.0000,54.0146,68.3698
0.0380,0.6844,0.3211,100.0000,57.1776,68.3698
0.0038,0.6825,0.1420,100.0000,59.2457,68.3698
0.0017,0.6749,0.1272,100.0000,59.0024,68.3698
0.0225,0.7114,0.1300,100.0000,58.5158,68.3698
0.0036,0.7007,0.0850,100.0000,58.0292,68.3698
0.0033,0.6781,0.3329,100.0000,56.6910,68.3698
0.0028,0.6900,0.0533,100.0000,56.0827,68.3698
0.0011,0.6936,0.1778,100.0000,58.1509,68.3698
0.0019,0.6913,0.0720,100.0000,56.6910,68.3698
0.0006,0.7121,0.0418,100.0000,56.0827,68.3698
0.0007,0.7033,0.0292,100.0000,54.3796,68.3698
0.0039,0.7174,0.0531,100.0000,57.4209,68.3698
0.0857,0.7255,1.3161,100.0000,55.4745,68.3698
0.0395,0.7040,0.5201,100.0000,59.3674,68.3698
0.0314,0.6762,1.2705,100.0000,54.3796,68.3698
0.0051,0.6992,0.0907,100.0000,56.5693,68.3698
0.0301,0.6818,0.2974,100.0000,54.8662,68.3698
0.1652,0.6839,0.3606,100.0000,61.0706,68.3698
0.0221,0.7016,0.1550,100.0000,58.2725,68.3698
0.0018,0.6768,0.0661,100.0000,57.4209,68.3698
0.0192,0.6873,0.1157,100.0000,56.0827,68.3698
0.0203,0.6835,0.0165,100.0000,56.0827,68.3698
0.0076,0.7062,0.0175,100.0000,54.3796,68.3698
0.0028,0.6947,0.1065,100.0000,56.0827,68.3698
0.0047,0.6935,0.0587,100.0000,56.0827,68.3698
0.0111,0.6952,0.2294,100.0000,57.6642,68.3698
0.0316,0.7114,0.0882,100.0000,56.0827,68.3698
0.0081,0.7123,0.5952,100.0000,56.0827,68.3698
0.0029,0.7017,0.3367,100.0000,56.0827,68.3698
0.0026,0.7276,0.0823,100.0000,54.2579,68.3698
0.0018,0.6942,0.0586,100.0000,55.1095,68.3698
0.0034,0.7096,0.0551,100.0000,54.7445,68.3698
0.0014,0.7107,0.2318,100.0000,54.5012,68.3698
0.0087,0.7087,0.2032,100.0000,54.0146,68.3698
0.0018,0.7081,0.1829,100.0000,50.8516,68.3698
0.0033,0.6894,0.1205,100.0000,55.7178,68.3698
0.0023,0.7031,0.0715,100.0000,55.9611,68.3698
0.0009,0.6822,0.0785,100.0000,56.0827,68.3698
0.0011,0.7122,0.1002,100.0000,54.3796,68.3698
0.0034,0.6869,0.1997,100.0000,54.3796,68.3698
0.0023,0.7229,0.1030,100.0000,56.2044,68.3698
0.1824,0.6935,0.5275,100.0000,57.5426,68.3698
0.5134,0.6772,0.6558,100.0000,57.7859,68.3698
0.0032,0.6885,0.0532,100.0000,56.0827,68.3698
0.0186,0.6783,0.5198,100.0000,56.0827,68.3698
0.0102,0.7012,0.0413,100.0000,56.0827,68.3698
0.0033,0.7156,0.4852,100.0000,57.1776,68.3698
0.0054,0.7015,0.1281,100.0000,58.7591,68.3698
0.0798,0.6983,0.7236,100.0000,55.5961,68.3698
0.0166,0.6764,0.1113,100.0000,57.2993,68.3698
0.0183,0.6736,0.5158,100.0000,54.3796,68.3698
0.0035,0.6754,0.0605,100.0000,56.4477,68.3698
0.0039,0.6719,0.2183,100.0000,54.5012,68.3698
0.0365,0.6614,0.1675,100.0000,56.6910,68.3698
0.0036,0.6873,0.2323,100.0000,54.5012,68.3698
0.0065,0.6748,0.2114,100.0000,58.6375,68.3698
0.0022,0.6992,0.2733,100.0000,55.2311,68.3698
0.0050,0.6927,0.1509,100.0000,57.0560,68.3698
0.0026,0.6771,0.3699,100.0000,56.8127,68.3698
0.0020,0.6952,0.1117,100.0000,57.5426,68.3698
0.0011,0.6900,0.2540,100.0000,56.0827,68.3698
0.0009,0.7004,0.1154,100.0000,56.3260,68.3698
0.0018,0.7038,0.1843,100.0000,56.5693,68.3698
0.0008,0.6908,0.1319,100.0000,56.8127,68.3698
0.0019,0.6992,0.1227,100.0000,51.2165,68.3698
0.0015,0.6881,0.0920,100.0000,53.2847,68.3698
0.0011,0.6970,0.1261,100.0000,51.2165,68.3698
0.0034,0.6852,0.1564,100.0000,56.9343,68.3698
0.0012,0.7175,0.1268,100.0000,57.1776,68.3698
0.0087,0.7067,0.1449,100.0000,54.3796,68.3698
0.0012,0.6930,0.0942,100.0000,57.9075,68.3698
0.0082,0.7002,0.4667,100.0000,51.0949,68.3698
0.0060,0.6909,0.4302,100.0000,42.0925,68.3698
0.0020,0.6836,0.1978,100.0000,52.1898,68.3698
0.0021,0.6929,0.4290,100.0000,51.4599,68.3698
0.1665,0.7030,0.2006,100.0000,59.1241,68.3698
0.0020,0.6888,0.1253,100.0000,59.0024,68.3698
0.0009,0.6881,0.1479,100.0000,59.9757,68.3698
0.0022,0.6943,0.1422,100.0000,49.2701,68.3698
0.0011,0.6791,0.1178,100.0000,49.3917,68.3698
0.0127,0.6958,0.2344,100.0000,50.3650,68.3698
0.1334,0.6795,0.4572,100.0000,44.4039,68.3698
0.0069,0.6904,0.1368,100.0000,47.4453,68.3698
0.0190,0.6935,0.7396,100.0000,45.1338,68.3698
0.0807,0.7002,0.3571,100.0000,47.8102,68.3698
0.0006,0.6808,0.1276,100.0000,52.1898,68.3698
0.0041,0.6766,0.0564,100.0000,51.4599,68.3698
0.0133,0.6839,0.5862,100.0000,50.4866,68.3698
0.0067,0.6860,0.3133,100.0000,46.7153,68.3698
0.0022,0.6952,0.2159,100.0000,54.1363,68.3698
0.0014,0.6885,0.3661,100.0000,52.7981,68.3698
0.0002,0.7019,0.3333,100.0000,55.2311,68.3698
0.0013,0.6835,0.0639,100.0000,54.1363,68.3698
0.0006,0.6993,0.2257,100.0000,53.4063,68.3698
0.0847,0.7010,0.3861,100.0000,56.4477,68.3698
0.0024,0.6881,0.1950,100.0000,56.2044,68.3698
0.0706,0.6811,0.1748,100.0000,61.0706,68.3698
0.0067,0.6772,0.2651,100.0000,57.2993,68.3698
0.0073,0.6880,0.2080,100.0000,56.5693,68.3698
0.0123,0.6888,0.3342,100.0000,53.0414,68.3698
0.0965,0.6977,0.6221,100.0000,57.7859,68.3698
0.0531,0.6992,0.3112,100.0000,61.0706,68.3698
0.0031,0.6806,0.1477,100.0000,61.0706,68.3698
0.0217,0.6812,0.1656,100.0000,61.0706,68.3698
0.0034,0.6719,0.0574,100.0000,61.0706,68.3698
0.0013,0.6829,0.3630,100.0000,61.0706,68.3698
0.0026,0.6717,0.0423,100.0000,61.0706,68.3698
0.0147,0.6623,0.0452,100.0000,60.0973,68.3698
0.0030,0.6824,0.0298,100.0000,61.0706,68.3698
0.0486,0.6679,0.1365,100.0000,61.0706,68.3698
0.0018,0.6816,0.0469,100.0000,61.0706,68.3698
0.0050,0.6855,0.1527,100.0000,59.2457,68.3698
0.0024,0.7031,0.1340,100.0000,54.0146,68.3698
0.0063,0.6739,0.1205,100.0000,52.1898,68.3698
0.0018,0.6802,0.1036,100.0000,52.9197,68.3698
0.0096,0.6765,0.1031,100.0000,49.2701,68.3698
0.0009,0.7073,0.2868,100.0000,43.6740,68.3698
0.0017,0.6932,0.2263,100.0000,49.5134,68.3698
0.0031,0.6942,0.0851,100.0000,56.0827,68.3698
0.0008,0.7000,0.3317,100.0000,56.0827,68.3698
0.0016,0.6890,0.0394,100.0000,56.0827,68.3698
0.0002,0.6814,0.0578,100.0000,55.5961,68.3698
0.0011,0.6888,0.0970,100.0000,55.1095,68.3698
0.0009,0.6882,0.0570,100.0000,57.0560,68.3698
0.0024,0.7041,0.2035,100.0000,59.2457,68.3698
0.0085,0.6931,0.3184,100.0000,58.0292,68.3698
0.0648,0.6863,0.5074,100.0000,56.3260,68.3698
0.0006,0.6895,0.1788,100.0000,58.7591,68.3698
0.0060,0.6937,0.1465,100.0000,60.5839,68.3698
0.0025,0.6940,0.2392,100.0000,62.7737,68.3698
0.0015,0.7161,0.0527,100.0000,61.0706,68.3698
0.0019,0.7162,0.1884,100.0000,61.0706,68.3698
0.0406,0.7077,0.3351,100.0000,59.2457,68.3698
0.1711,0.7002,0.1500,100.0000,63.7470,68.3698
0.0064,0.6869,0.0284,100.0000,63.7470,68.3698
0.0090,0.6833,0.0290,100.0000,63.7470,68.3698
0.0039,0.6804,0.2160,100.0000,63.7470,68.3698
0.0028,0.6901,0.1460,100.0000,63.7470,68.3698
0.0028,0.6977,0.0502,100.0000,61.0706,68.3698
0.0109,0.6859,0.1307,100.0000,59.0024,68.3698
0.0010,0.6842,0.2243,100.0000,59.0024,68.3698
0.0018,0.6839,0.0866,100.0000,61.0706,68.3698
0.0090,0.6814,0.1068,100.0000,60.0973,68.3698
0.0014,0.6940,0.2777,100.0000,62.1655,68.3698
0.0014,0.6641,0.0745,100.0000,56.4477,68.3698
0.0012,0.6884,0.1663,100.0000,55.2311,68.3698
0.0017,0.6750,0.1142,100.0000,56.0827,68.3698
0.0015,0.7173,0.0264,100.0000,56.0827,68.3698
0.0024,0.7098,0.0657,100.0000,56.0827,68.3698
0.0002,0.7130,0.0824,100.0000,56.0827,68.3698
0.0069,0.6918,0.1167,100.0000,56.0827,68.3698
0.0084,0.7004,0.0192,100.0000,56.0827,68.3698
0.0161,0.6994,0.7043,100.0000,51.0949,68.3698
0.0142,0.6971,0.4072,100.0000,51.0949,68.3698
0.0003,0.7084,0.6999,100.0000,56.0827,68.3698
0.0027,0.6900,0.6343,100.0000,56.0827,68.3698
0.0098,0.6984,0.2930,100.0000,56.2044,68.3698
0.0032,0.6918,0.2197,100.0000,51.3382,68.3698
0.0020,0.6870,0.2542,100.0000,54.6229,68.3698
0.0011,0.6908,0.0824,100.0000,58.7591,68.3698
0.0017,0.7074,0.0194,100.0000,58.7591,68.3698
0.0015,0.7054,0.0347,100.0000,58.7591,68.3698
0.0016,0.7107,0.4191,100.0000,58.7591,68.3698
0.0008,0.6806,1.1123,100.0000,63.1387,68.3698
0.0015,0.7006,0.0790,100.0000,54.0146,68.3698
0.1924,0.6835,0.4483,100.0000,54.0146,68.3698
0.2279,0.6695,0.3469,100.0000,48.4185,68.3698
0.0086,0.6926,0.4273,100.0000,53.4063,68.3698
0.0077,0.7007,0.0950,100.0000,52.7981,68.3698
0.0046,0.6912,0.1787,100.0000,49.2701,68.3698
0.0050,0.6774,0.1495,100.0000,49.2701,68.3698
0.0131,0.6764,0.6085,100.0000,51.3382,68.3698
0.0090,0.6541,0.1991,100.0000,51.3382,68.3698
0.0950,0.6512,0.1751,100.0000,51.3382,68.3698
0.0087,0.6565,0.1848,100.0000,49.5134,68.3698
0.0011,0.6911,0.0898,100.0000,49.2701,68.3698
0.0159,0.6716,0.1541,100.0000,50.2433,68.3698
0.0036,0.6564,0.0839,100.0000,51.7032,68.3698
0.0026,0.6712,0.0725,100.0000,54.0146,68.3698
0.0017,0.6786,0.0698,100.0000,56.9343,68.3698
0.0038,0.6931,0.0691,100.0000,56.0827,68.3698
0.0019,0.6797,0.0886,100.0000,56.0827,68.3698
0.0175,0.6903,0.6169,100.0000,54.0146,68.3698
0.0027,0.7048,0.0357,100.0000,56.0827,68.3698
0.0015,0.7023,0.0844,100.0000,54.0146,68.3698
0.0031,0.7062,0.5818,100.0000,56.0827,68.3698
0.0017,0.6878,0.2665,100.0000,56.0827,68.3698
0.0013,0.6903,0.1329,100.0000,56.0827,68.3698
0.0018,0.6976,0.3756,100.0000,54.0146,68.3698
0.0038,0.7015,0.0582,100.0000,56.0827,68.3698
0.0067,0.6748,0.0510,100.0000,54.0146,68.3698
0.0027,0.6993,0.0779,100.0000,56.0827,68.3698
0.0007,0.6849,0.0804,100.0000,54.5012,68.3698
0.0008,0.6812,0.3854,100.0000,45.9854,68.3698
0.0017,0.6816,0.9983,100.0000,48.1752,68.3698
0.0027,0.7101,0.5763,100.0000,49.7567,68.3698
0.0443,0.6640,0.3076,100.0000,54.0146,68.3698
0.0006,0.7009,0.0737,100.0000,54.5012,68.3698
0.1614,0.6620,0.4082,100.0000,52.5547,68.3698
0.1172,0.6623,0.5004,100.0000,51.9465,68.3698
0.0027,0.6878,0.1628,100.0000,51.9465,68.3698
0.0099,0.6765,0.1303,100.0000,54.0146,68.3698
0.0568,0.6912,0.1248,100.0000,54.0146,68.3698
0.0082,0.6932,0.4364,100.0000,53.7713,68.3698
0.0048,0.6766,0.0513,100.0000,54.0146,68.3698
0.0197,0.6951,0.0216,100.0000,54.0146,68.3698
0.0030,0.6808,0.0134,100.0000,54.0146,68.3698
0.0016,0.6637,0.0091,100.0000,54.0146,68.3698
0.0084,0.6757,0.5608,100.0000,54.0146,68.3698
0.0081,0.7267,0.4127,100.0000,58.0292,68.3698
0.0020,0.6865,0.2070,100.0000,59.4891,68.3698
0.0013,0.6875,0.1021,100.0000,61.0706,68.3698
0.0007,0.6931,0.1678,100.0000,58.7591,68.3698
0.0015,0.6797,0.4685,100.0000,58.5158,68.3698
0.0017,0.6935,0.4062,100.0000,56.6910,68.3698
0.0023,0.6965,0.0780,100.0000,52.6764,68.3698
0.0013,0.6884,0.2955,100.0000,55.3528,68.3698
0.0024,0.6942,0.1502,100.0000,57.1776,68.3698
0.0172,0.7148,0.7282,100.0000,61.8005,68.3698
0.0005,0.6797,0.3140,100.0000,61.8005,68.3698
0.0020,0.7044,0.1366,100.0000,61.8005,68.3698
0.0019,0.6799,0.0393,100.0000,61.8005,68.3698
0.0250,0.7046,0.0736,100.0000,59.4891,68.3698
0.0124,0.6955,0.4659,100.0000,59.4891,68.3698
0.0041,0.6817,0.3486,100.0000,58.2725,68.3698
0.0572,0.6869,0.3002,100.0000,54.0146,68.3698
0.0042,0.6777,0.2343,100.0000,54.8662,68.3698
0.0007,0.6865,0.3842,100.0000,57.9075,68.3698
0.0007,0.6795,0.4207,100.0000,56.2044,68.3698
0.0024,0.6856,0.1589,100.0000,55.9611,68.3698
0.0008,0.6781,0.0974,100.0000,60.5839,68.3698
0.0022,0.7076,0.1139,100.0000,61.3139,68.3698
0.0012,0.6963,0.0846,100.0000,60.5839,68.3698
0.0009,0.7010,0.0546,100.0000,64.2336,68.3698
0.0014,0.6762,0.0654,100.0000,64.2336,68.3698
0.0022,0.6770,0.0466,100.0000,64.2336,68.3698
0.1692,0.7057,0.5883,100.0000,64.2336,68.3698
0.0015,0.6813,0.1963,100.0000,64.2336,68.3698
0.0028,0.6828,0.3402,100.0000,64.5985,68.3698
0.0055,0.6760,0.0353,100.0000,64.8418,68.3698
0.0010,0.6933,0.1891,100.0000,67.7616,68.3698
0.0152,0.6889,0.2008,100.0000,62.1655,68.3698
0.0021,0.7085,0.1001,100.0000,62.1655,68.3698
0.0017,0.6908,0.0174,100.0000,61.8005,68.3698
0.0049,0.6966,0.1578,100.0000,60.8273,68.3698
0.0023,0.6843,0.0229,100.0000,60.7056,68.3698
0.0052,0.6754,0.0186,100.0000,62.1655,68.3698
0.0021,0.7140,0.2523,100.0000,62.1655,68.3698
0.0018,0.7360,0.2109,100.0000,55.9611,68.3698
0.4977,0.6980,0.2799,100.0000,59.6107,68.3698
0.0014,0.6649,0.1028,100.0000,55.3528,68.3698
0.0036,0.6967,0.8482,100.0000,56.0827,68.3698
0.0752,0.6868,0.4476,100.0000,58.8808,68.3698
0.0067,0.7048,0.0730,100.0000,64.9635,68.3698
0.0010,0.6593,0.0818,100.0000,66.1800,68.3698
0.0011,0.6839,0.3448,100.0000,66.1800,68.3698
0.0031,0.6580,0.1410,100.0000,64.2336,68.3698
0.0037,0.7027,0.1306,100.0000,60.8273,68.3698
0.0019,0.6727,0.2488,100.0000,60.3406,68.3698
0.0026,0.6850,0.0507,100.0000,58.7591,68.3698
0.0013,0.6825,0.2451,100.0000,58.7591,68.3698
0.0006,0.6763,0.2560,100.0000,59.2457,68.3698
0.0063,0.6961,1.0629,100.0000,60.8273,68.3698
0.0066,0.6568,0.0519,100.0000,58.2725,68.3698
0.0015,0.6422,0.0836,100.0000,62.1655,68.3698
0.0038,0.6915,0.0300,100.0000,62.1655,68.3698
0.0241,0.6950,0.0143,100.0000,62.1655,68.3698
0.0005,0.6941,0.1554,100.0000,62.1655,68.3698
0.0002,0.6743,0.5682,100.0000,62.1655,68.3698
0.0007,0.6944,0.1849,100.0000,58.1509,68.3698
0.0007,0.6953,0.2921,100.0000,56.6910,68.3698
0.0011,0.6816,0.5044,100.0000,57.5426,68.3698
0.0023,0.6620,0.1588,100.0000,58.6375,68.3698
0.0012,0.6821,0.2355,100.0000,56.0827,68.3698
0.0010,0.6721,0.1588,100.0000,55.7178,68.3698
0.0007,0.6879,0.2946,100.0000,49.7567,68.3698
0.0011,0.6857,0.0880,100.0000,46.2287,68.3698
0.0014,0.6726,0.3904,100.0000,51.9465,68.3698
0.0036,0.6682,0.7177,100.0000,49.2701,68.3698
0.0028,0.7259,0.1706,100.0000,50.0000,68.3698
0.1102,0.7108,0.3097,100.0000,51.7032,68.3698
0.0028,0.6887,0.1795,100.0000,56.6910,68.3698
0.0095,0.6665,0.1305,100.0000,57.5426,68.3698
0.0011,0.6634,0.5427,100.0000,59.2457,68.3698
0.0013,0.7114,0.0947,100.0000,59.4891,68.3698
0.0013,0.7112,0.3422,100.0000,59.7324,68.3698
0.0050,0.7005,0.0815,100.0000,56.6910,68.3698
0.0011,0.6892,0.1407,100.0000,56.6910,68.3698
0.0556,0.6793,0.0635,100.0000,56.6910,68.3698
0.0031,0.6827,0.0791,100.0000,56.6910,68.3698
0.0303,0.6898,0.5424,100.0000,56.0827,68.3698
0.0183,0.7074,0.3667,100.0000,55.2311,68.3698
0.0628,0.6944,0.1334,100.0000,58.3942,68.3698
0.0408,0.6883,0.6181,100.0000,56.6910,68.3698
0.0401,0.7093,0.1120,100.0000,56.6910,68.3698
0.0207,0.6837,0.1708,100.0000,56.6910,68.3698
0.0011,0.7061,0.1472,100.0000,58.3942,68.3698
0.0108,0.6959,0.0604,100.0000,58.2725,68.3698
0.0007,0.6730,0.0573,100.0000,57.5426,68.3698
0.0020,0.6650,0.1229,100.0000,56.6910,68.3698
0.0004,0.6761,0.1108,100.0000,56.6910,68.3698
0.0085,0.6655,0.0653,100.0000,56.6910,68.3698
0.0010,0.6691,0.0312,100.0000,57.7859,68.3698
0.0005,0.6779,0.2203,100.0000,60.0973,68.3698
0.0005,0.6873,0.4438,100.0000,59.6107,68.3698
0.0057,0.6881,0.1212,100.0000,62.1655,68.3698
0.0015,0.6832,0.1580,100.0000,54.0146,68.3698
0.0051,0.7065,0.0268,100.0000,54.0146,68.3698
0.0009,0.7044,0.0124,100.0000,54.0146,68.3698
0.0040,0.6921,0.1104,100.0000,54.0146,68.3698
0.0008,0.6821,0.0172,100.0000,54.0146,68.3698
0.0284,0.6897,0.4597,100.0000,54.0146,68.3698
0.0005,0.6951,0.2356,100.0000,54.9878,68.3698
0.0284,0.6861,0.1443,100.0000,53.6496,68.3698
0.0024,0.7099,0.1303,100.0000,49.0268,68.3698
0.0057,0.7062,0.1821,100.0000,49.7567,68.3698
0.0040,0.7239,0.1194,100.0000,48.1752,68.3698
0.0061,0.6938,0.3313,100.0000,56.6910,68.3698
0.0018,0.6807,0.3881,100.0000,56.6910,68.3698
0.0092,0.6754,0.1371,100.0000,56.6910,68.3698
0.0027,0.6705,0.1495,100.0000,54.0146,68.3698
0.0097,0.6889,0.0621,100.0000,56.0827,68.3698
0.1240,0.6948,0.2827,100.0000,57.4209,68.3698
0.0044,0.6889,0.1906,100.0000,58.7591,68.3698
0.0002,0.6939,0.0522,100.0000,58.7591,68.3698
0.0006,0.6990,0.0357,100.0000,58.7591,68.3698
0.0022,0.6723,0.0853,100.0000,58.1509,68.3698
0.0049,0.6979,0.1583,100.0000,55.1095,68.3698
0.0228,0.7030,0.0628,100.0000,54.0146,68.3698
0.0009,0.7072,0.0375,100.0000,54.0146,68.3698
0.0061,0.6778,0.0322,100.0000,54.0146,68.3698
0.0014,0.6874,0.4824,100.0000,53.0414,68.3698
0.0021,0.6724,0.4220,100.0000,51.8248,68.3698
0.0023,0.6977,0.2664,100.0000,54.0146,68.3698
0.0041,0.6825,0.1149,100.0000,54.0146,68.3698
0.0007,0.6782,0.0628,100.0000,54.0146,68.3698
0.0013,0.6891,0.6717,100.0000,55.2311,68.3698
0.0232,0.6810,0.4357,100.0000,51.0949,68.3698
0.0013,0.6927,0.1670,100.0000,51.9465,68.3698
0.0038,0.7037,0.2591,100.0000,50.3650,68.3698
0.0011,0.6794,0.1974,100.0000,50.1217,68.3698
0.0008,0.6934,0.0950,100.0000,49.0268,68.3698
0.0298,0.6740,0.2334,100.0000,49.0268,68.3698
0.1029,0.6678,0.2534,100.0000,52.9197,68.3698
0.0032,0.6741,0.1547,100.0000,51.7032,68.3698
0.0068,0.6955,0.3247,100.0000,51.7032,68.3698
0.0024,0.6902,0.2485,100.0000,54.0146,68.3698
0.0096,0.7221,0.2618,100.0000,54.1363,68.3698
0.0060,0.6973,0.0842,100.0000,56.6910,68.3698
0.0020,0.7036,0.0416,100.0000,55.2311,68.3698
0.0013,0.6886,0.1467,100.0000,54.0146,68.3698
0.0005,0.6792,0.0864,100.0000,54.0146,68.3698
0.0006,0.7104,0.0235,100.0000,54.0146,68.3698
0.0056,0.6780,0.0828,100.0000,54.0146,68.3698
0.0006,0.7052,0.1638,100.0000,54.0146,68.3698
0.0012,0.7195,0.0598,100.0000,53.4063,68.3698
0.0005,0.7216,0.1297,100.0000,50.0000,68.3698
0.0071,0.7009,0.0608,100.0000,54.7445,68.3698
0.0011,0.6977,0.0424,100.0000,54.7445,68.3698
0.0008,0.6901,0.0822,100.0000,51.7032,68.3698
0.0044,0.6897,0.1042,100.0000,56.6910,68.3698
0.0010,0.6985,0.0842,100.0000,55.5961,68.3698
0.0007,0.6972,0.0365,100.0000,52.9197,68.3698
0.0011,0.7162,0.0536,100.0000,56.2044,68.3698
0.0016,0.6885,0.2542,100.0000,56.2044,68.3698
0.0007,0.7214,0.1480,100.0000,50.3650,68.3698
0.0003,0.6936,0.1120,100.0000,51.0949,68.3698
0.0798,0.6930,0.4244,100.0000,57.0560,68.3698
0.1039,0.6806,0.4591,100.0000,55.7178,68.3698
0.0011,0.7020,0.1103,100.0000,55.5961,68.3698
0.0006,0.6883,0.0359,100.0000,58.1509,68.3698
0.0151,0.6948,0.0555,100.0000,56.6910,68.3698
0.0041,0.6895,0.0179,100.0000,56.6910,68.3698
0.0006,0.6812,0.0234,100.0000,58.7591,68.3698
0.0015,0.6732,0.1578,100.0000,58.7591,68.3698
0.0047,0.6886,0.1516,100.0000,57.2993,68.3698
0.0011,0.6857,0.0388,100.0000,58.7591,68.3698
0.0936,0.6966,0.5391,100.0000,53.4063,68.3698
0.0021,0.6917,0.2723,100.0000,52.0681,68.3698
0.0169,0.6686,0.1236,100.0000,54.7445,68.3698
0.0022,0.7162,0.0568,100.0000,58.7591,68.3698
0.0016,0.7039,0.0343,100.0000,55.8394,68.3698
0.0087,0.6796,0.1147,100.0000,51.9465,68.3698
0.0013,0.6952,0.1198,100.0000,52.9197,68.3698
0.0039,0.7017,0.1420,100.0000,53.6496,68.3698
0.0005,0.6888,0.0735,100.0000,54.0146,68.3698
0.0071,0.7085,0.0224,100.0000,56.6910,68.3698
0.0013,0.6989,0.0279,100.0000,58.7591,68.3698
0.0007,0.6893,0.0972,100.0000,59.8540,68.3698
0.0193,0.6657,0.0837,100.0000,57.1776,68.3698
0.0034,0.6953,0.2345,100.0000,56.6910,68.3698
0.0019,0.6900,0.0442,100.0000,56.6910,68.3698
0.0022,0.7223,0.0414,100.0000,55.7178,68.3698
0.0017,0.7041,0.0225,100.0000,54.0146,68.3698
0.0007,0.7076,0.0559,100.0000,57.2993,68.3698
0.0062,0.6978,0.0619,100.0000,58.7591,68.3698
0.0005,0.6880,0.2417,100.0000,55.2311,68.3698
0.0011,0.7244,0.0708,100.0000,52.9197,68.3698
0.0016,0.6934,0.0872,100.0000,61.0706,68.3698
0.0050,0.6989,0.0404,100.0000,59.0024,68.3698
0.0007,0.7035,0.0494,100.0000,61.0706,68.3698
0.0002,0.7091,0.0241,100.0000,61.0706,68.3698
0.0420,0.6940,0.4871,100.0000,61.0706,68.3698
0.0001,0.6824,0.0193,100.0000,61.0706,68.3698
0.0009,0.6912,0.0202,100.0000,61.0706,68.3698
0.0015,0.6889,0.0099,100.0000,61.0706,68.3698
0.0439,0.6867,0.2174,100.0000,61.0706,68.3698
0.0005,0.6903,0.0239,100.0000,61.0706,68.3698
0.1081,0.6575,0.2470,100.0000,56.5693,68.3698
0.0445,0.6858,0.0134,100.0000,58.7591,68.3698
0.0139,0.6789,0.3431,100.0000,61.0706,68.3698
0.0010,0.6995,0.1514,100.0000,57.7859,68.3698
0.0151,0.6867,0.1488,100.0000,58.6375,68.3698
0.0014,0.6873,0.0199,100.0000,59.0024,68.3698
0.0039,0.6945,0.0465,100.0000,61.0706,68.3698
0.0007,0.6770,0.0122,100.0000,61.0706,68.3698
0.0003,0.6733,0.0094,100.0000,61.0706,68.3698
0.0021,0.6654,0.0060,100.0000,61.0706,68.3698
0.0001,0.6815,0.0216,100.0000,59.0024,68.3698
0.0002,0.6968,0.0130,100.0000,59.0024,68.3698
0.0002,0.6803,0.0082,100.0000,59.0024,68.3698
0.0005,0.6804,0.0056,100.0000,59.0024,68.3698
0.0005,0.6844,0.3520,100.0000,56.9343,68.3698
0.0002,0.6944,0.1830,100.0000,56.3260,68.3698
0.0008,0.6918,0.0380,100.0000,55.9611,68.3698
0.0007,0.6914,0.0582,100.0000,57.5426,68.3698
0.0026,0.7071,0.0057,100.0000,59.0024,68.3698
0.0076,0.6989,0.0310,100.0000,59.0024,68.3698
0.0218,0.6799,0.3202,100.0000,61.0706,68.3698
0.0800,0.6800,0.1137,100.0000,61.0706,68.3698
0.0020,0.6935,0.0045,100.0000,61.0706,68.3698
0.0038,0.6896,0.0009,100.0000,61.0706,68.3698
0.0028,0.6842,0.0017,100.0000,61.0706,68.3698
0.0029,0.6967,0.0024,100.0000,61.0706,68.3698
0.0008,0.6889,0.1123,100.0000,61.0706,68.3698
0.0004,0.6857,0.0334,100.0000,59.2457,68.3698
0.0001,0.6817,0.0091,100.0000,59.9757,68.3698
0.0001,0.7070,0.0142,100.0000,60.3406,68.3698
0.0002,0.6916,0.0095,100.0000,61.0706,68.3698
0.0007,0.6741,0.0157,100.0000,59.0024,68.3698
0.0003,0.6978,0.0066,100.0000,59.0024,68.3698
0.0002,0.6990,0.0074,100.0000,59.0024,68.3698
0.0003,0.6882,0.0050,100.0000,59.0024,68.3698
0.0006,0.6831,0.0038,100.0000,59.0024,68.3698
0.0002,0.7012,0.0018,100.0000,59.0024,68.3698
0.0005,0.6852,0.0007,100.0000,59.0024,68.3698
0.2804,0.6902,0.0038,100.0000,59.0024,68.3698
0.0002,0.6797,0.0014,100.0000,59.0024,68.3698
0.0024,0.6759,0.0012,100.0000,59.0024,68.3698
0.0005,0.6954,0.0033,100.0000,59.0024,68.3698
0.0012,0.7070,0.0064,100.0000,59.0024,68.3698
0.0005,0.7105,0.0262,100.0000,59.0024,68.3698
0.0013,0.7065,0.0160,100.0000,59.9757,68.3698
0.0018,0.6856,0.0686,100.0000,60.2190,68.3698
0.0000,0.6785,0.0166,100.0000,59.0024,68.3698
0.0008,0.6974,0.0032,100.0000,59.0024,68.3698
0.0024,0.6863,0.0184,100.0000,59.0024,68.3698
0.0007,0.6899,0.0330,100.0000,56.2044,68.3698
0.0005,0.7097,0.0110,100.0000,56.2044,68.3698
0.0060,0.6995,0.0692,100.0000,59.0024,68.3698
0.0007,0.6903,0.0498,100.0000,56.8127,68.3698
0.0029,0.7059,0.0471,100.0000,56.3260,68.3698
0.0001,0.6813,0.0380,100.0000,56.3260,68.3698
0.0007,0.6905,0.0144,100.0000,56.3260,68.3698
0.0290,0.6649,0.0361,100.0000,59.0024,68.3698
0.0010,0.6996,0.2255,100.0000,61.5572,68.3698
0.0013,0.6954,0.1197,100.0000,60.9489,68.3698
0.0016,0.6928,0.1625,100.0000,59.0024,68.3698
0.0006,0.6844,0.0118,100.0000,59.0024,68.3698
0.0012,0.6938,0.0113,100.0000,61.0706,68.3698
0.0006,0.6752,0.0319,100.0000,59.3674,68.3698
0.0003,0.6800,0.0117,100.0000,59.3674,68.3698
0.0029,0.7005,0.0498,100.0000,60.3406,68.3698
0.1924,0.7025,0.0452,100.0000,59.0024,68.3698
0.0016,0.6980,0.0152,100.0000,59.0024,68.3698
0.0027,0.6853,0.0140,100.0000,59.0024,68.3698
0.0026,0.6993,0.0289,100.0000,57.2993,68.3698
0.0005,0.6928,0.1530,100.0000,57.1776,68.3698
0.0005,0.6774,0.1898,100.0000,59.0024,68.3698
0.0028,0.7019,0.0174,100.0000,61.0706,68.3698
0.0004,0.6798,0.0848,100.0000,61.0706,68.3698
0.0017,0.6906,0.1636,100.0000,59.3674,68.3698
0.0011,0.6755,0.1001,100.0000,57.0560,68.3698
0.0001,0.6996,0.2898,100.0000,59.0024,68.3698
0.0017,0.6870,0.0114,100.0000,59.0024,68.3698
0.0004,0.6855,0.1363,100.0000,59.0024,68.3698
0.0021,0.6922,0.0156,100.0000,59.0024,68.3698
0.0678,0.6788,0.0082,100.0000,59.0024,68.3698
0.0013,0.6689,0.0264,100.0000,59.0024,68.3698
0.0016,0.6780,0.0138,100.0000,57.1776,68.3698
0.0007,0.6994,0.0511,100.0000,57.5426,68.3698
0.0002,0.6895,0.0336,100.0000,56.8127,68.3698
0.0003,0.6886,0.0420,100.0000,59.0024,68.3698
0.0015,0.6923,0.0622,100.0000,58.8808,68.3698
0.0007,0.6819,0.1108,100.0000,59.0024,68.3698
0.0010,0.7163,0.0963,100.0000,57.5426,68.3698
0.0010,0.7326,0.0621,100.0000,59.0024,68.3698
0.0013,0.6790,0.0497,100.0000,59.0024,68.3698
0.0099,0.6997,0.4918,100.0000,59.0024,68.3698
0.0030,0.7050,0.2462,100.0000,57.5426,68.3698
0.0010,0.7110,0.2306,100.0000,61.0706,68.3698
0.1971,0.6569,0.4715,100.0000,54.2579,68.3698
0.0224,0.6760,0.1324,100.0000,54.2579,68.3698
0.0018,0.6989,0.0767,100.0000,58.7591,68.3698
0.0017,0.6597,0.1428,100.0000,59.0024,68.3698
0.0009,0.6867,0.0251,100.0000,59.0024,68.3698
0.0007,0.6869,0.0517,100.0000,56.0827,68.3698
0.0274,0.7271,0.3755,100.0000,56.0827,68.3698
0.0006,0.7049,0.2904,100.0000,59.0024,68.3698
0.0003,0.6862,0.4026,100.0000,59.0024,68.3698
0.0013,0.6827,0.1698,100.0000,59.0024,68.3698
0.0004,0.6903,0.0100,100.0000,59.0024,68.3698
0.0088,0.6676,0.3003,100.0000,59.0024,68.3698
0.0004,0.6759,0.1125,100.0000,59.0024,68.3698
0.0003,0.6904,0.0705,100.0000,58.5158,68.3698
0.0011,0.7024,0.0754,100.0000,55.7178,68.3698
0.0173,0.7182,0.0256,100.0000,54.3796,68.3698
0.0032,0.6898,0.2046,100.0000,54.3796,68.3698
0.0031,0.6917,0.2520,100.0000,54.3796,68.3698
0.0041,0.7032,0.2429,100.0000,58.3942,68.3698
0.0008,0.6883,0.0702,100.0000,59.8540,68.3698
0.0005,0.6789,0.0720,100.0000,55.5961,68.3698
0.0002,0.7033,0.0309,100.0000,55.8394,68.3698
0.0004,0.6799,0.1683,100.0000,55.7178,68.3698
0.0002,0.7275,0.2440,100.0000,56.3260,68.3698
0.2212,0.7069,0.2243,100.0000,56.3260,68.3698
0.0041,0.6883,0.0365,100.0000,56.3260,68.3698
0.0184,0.6703,0.1026,100.0000,57.5426,68.3698
0.0089,0.6909,0.1280,100.0000,56.0827,68.3698
0.0146,0.6595,0.0451,100.0000,54.2579,68.3698
0.0187,0.6905,0.8216,100.0000,54.2579,68.3698
0.0031,0.7334,0.0851,100.0000,54.2579,68.3698
0.0030,0.7189,0.0750,100.0000,54.5012,68.3698
0.0037,0.6961,0.0600,100.0000,55.7178,68.3698
0.0037,0.6746,0.0497,100.0000,54.8662,68.3698
0.0140,0.6722,0.0863,100.0000,56.3260,68.3698
0.0011,0.6791,0.0293,100.0000,56.3260,68.3698
0.0035,0.6916,0.0210,100.0000,56.3260,68.3698
0.0008,0.7089,0.0617,100.0000,56.3260,68.3698
0.0003,0.7087,0.0705,100.0000,56.8127,68.3698
0.0039,0.6727,0.2012,100.0000,54.2579,68.3698
0.1933,0.6538,0.2038,100.0000,59.9757,68.3698
0.0067,0.6710,0.2927,100.0000,59.0024,68.3698
0.0045,0.6672,0.0537,100.0000,56.5693,68.3698
0.0053,0.6702,0.6675,100.0000,54.2579,68.3698
0.0115,0.6995,0.1912,100.0000,51.9465,68.3698
0.0040,0.6922,0.1725,100.0000,57.4209,68.3698
0.0016,0.6845,0.1682,100.0000,57.4209,68.3698
0.0005,0.6541,0.0789,100.0000,57.4209,68.3698
0.0036,0.6852,0.1285,100.0000,55.8394,68.3698
0.0039,0.6882,0.1259,100.0000,54.2579,68.3698
0.0020,0.7096,0.3802,100.0000,54.2579,68.3698
0.0011,0.6735,0.1341,100.0000,54.2579,68.3698
0.0000,0.6978,0.0761,100.0000,54.2579,68.3698
0.0138,0.6659,0.1942,100.0000,54.2579,68.3698
0.0007,0.7008,0.1422,100.0000,54.2579,68.3698
0.0013,0.6726,0.4633,100.0000,52.9197,68.3698
0.0006,0.6497,0.0786,100.0000,54.2579,68.3698
0.0008,0.6507,0.0738,100.0000,54.2579,68.3698
0.0053,0.6902,0.0483,100.0000,54.2579,68.3698
0.0045,0.7144,0.0154,100.0000,54.2579,68.3698
0.0116,0.6989,0.0046,100.0000,54.2579,68.3698
0.0004,0.6711,0.0037,100.0000,54.2579,68.3698
0.0066,0.6840,0.1717,100.0000,52.1898,68.3698
0.0025,0.6554,0.0316,100.0000,46.4720,68.3698
0.0012,0.6927,0.1262,100.0000,54.2579,68.3698
0.0012,0.6965,0.0146,100.0000,54.2579,68.3698
0.0004,0.7328,0.1613,100.0000,54.2579,68.3698
0.0009,0.6747,0.0243,100.0000,54.2579,68.3698
0.0006,0.7286,0.3128,100.0000,54.2579,68.3698
0.0015,0.6940,0.0420,100.0000,54.2579,68.3698
0.0039,0.6899,0.0090,100.0000,54.2579,68.3698
0.0022,0.6967,0.2655,100.0000,54.2579,68.3698
0.0019,0.6963,0.0065,100.0000,54.2579,68.3698
0.0014,0.6976,0.0314,100.0000,55.9611,68.3698
0.0004,0.7013,0.0697,100.0000,59.1241,68.3698
0.0015,0.6779,0.0103,100.0000,54.2579,68.3698
0.0041,0.6955,0.0026,100.0000,54.2579,68.3698
0.0276,0.6885,0.0084,100.0000,54.2579,68.3698
0.0012,0.6820,0.0028,100.0000,54.2579,68.3698
0.0003,0.6874,0.0327,100.0000,54.2579,68.3698
0.0005,0.7106,0.0597,100.0000,58.1509,68.3698
0.0020,0.6738,0.2990,100.0000,58.6375,68.3698
0.0005,0.7186,0.3324,100.0000,55.1095,68.3698
0.0013,0.7116,0.0402,100.0000,54.2579,68.3698
0.0010,0.6904,0.0538,100.0000,57.4209,68.3698
0.1812,0.6965,0.1535,100.0000,57.1776,68.3698
0.0386,0.6846,0.2751,100.0000,61.8005,68.3698
0.0013,0.6809,0.1570,100.0000,59.0024,68.3698
0.0007,0.6600,0.0222,100.0000,59.0024,68.3698
0.0029,0.6890,0.1108,100.0000,58.7591,68.3698
0.0029,0.6497,0.0366,100.0000,54.2579,68.3698
0.0061,0.6930,0.0086,100.0000,54.2579,68.3698
0.0012,0.7070,0.0037,100.0000,54.2579,68.3698
0.0001,0.6731,0.0035,100.0000,54.2579,68.3698
0.0006,0.6859,0.0037,100.0000,54.2579,68.3698
0.0013,0.6973,0.1937,100.0000,54.2579,68.3698
0.0008,0.6887,0.1945,100.0000,48.7835,68.3698
0.0023,0.7034,0.0384,100.0000,54.2579,68.3698
0.0016,0.6839,0.0140,100.0000,54.2579,68.3698
0.0017,0.6716,0.0250,100.0000,53.8929,68.3698
0.0150,0.6884,0.0528,100.0000,54.3796,68.3698
0.0004,0.6790,0.1504,100.0000,56.0827,68.3698
0.0183,0.6835,1.0944,100.0000,55.5961,68.3698
0.0574,0.6840,0.2180,100.0000,54.1363,68.3698
0.0043,0.6822,0.2894,100.0000,52.6764,68.3698
0.0010,0.6904,0.6377,100.0000,53.8929,68.3698
0.0019,0.7054,0.2272,100.0000,60.4623,68.3698
0.0011,0.6953,0.0694,100.0000,61.5572,68.3698
0.0187,0.6937,0.3207,100.0000,56.5693,68.3698
0.0031,0.6732,0.4250,100.0000,59.0024,68.3698
0.0020,0.6913,0.2931,100.0000,60.5839,68.3698
0.0015,0.6668,0.0588,100.0000,62.6521,68.3698
0.0172,0.6996,0.0566,100.0000,64.1119,68.3698
0.0024,0.6815,0.0591,100.0000,64.2336,68.3698
0.1352,0.6842,0.0613,100.0000,67.1533,68.3698
0.0066,0.6779,0.0339,100.0000,64.5985,68.3698
0.0006,0.6880,0.1675,100.0000,69.4647,69.4647
0.0027,0.6800,0.1824,100.0000,68.1265,69.4647
0.0063,0.6790,0.1424,100.0000,70.1946,70.1946
0.0009,0.6801,0.0633,100.0000,72.0195,72.0195
0.0049,0.6751,0.0771,100.0000,66.0584,72.0195
0.0010,0.6795,0.0778,100.0000,64.8418,72.0195
0.0002,0.6848,0.0941,100.0000,63.6253,72.0195
0.0006,0.6849,0.1888,100.0000,66.6667,72.0195
0.0008,0.6930,0.1214,100.0000,68.0049,72.0195
0.0021,0.6842,0.0373,100.0000,68.0049,72.0195
0.0007,0.6760,0.0459,100.0000,66.9100,72.0195
0.0014,0.6974,0.1406,100.0000,62.7737,72.0195
0.0014,0.6887,0.0789,100.0000,65.2068,72.0195
0.0009,0.7012,0.0918,100.0000,65.2068,72.0195
0.0002,0.6831,0.1691,100.0000,68.6131,72.0195
0.0007,0.7030,0.1010,100.0000,68.4915,72.0195
0.0028,0.6761,0.5404,100.0000,67.3966,72.0195
0.0007,0.6861,0.4228,100.0000,60.3406,72.0195
0.0017,0.6829,0.0642,100.0000,59.9757,72.0195
0.0886,0.6933,0.6971,100.0000,68.0049,72.0195
0.0008,0.7293,0.0963,100.0000,67.0316,72.0195
0.0097,0.6583,0.0665,100.0000,72.6277,72.6277
0.0007,0.7086,0.1651,100.0000,70.6813,72.6277
0.0004,0.6919,0.1091,100.0000,72.7494,72.7494
0.0047,0.6820,0.0091,100.0000,72.7494,72.7494
0.0016,0.6809,0.1282,100.0000,72.7494,72.7494
0.0304,0.6780,0.4630,100.0000,71.6545,72.7494
0.0017,0.6953,0.0747,100.0000,70.6813,72.7494
0.0017,0.7018,0.1115,100.0000,71.6545,72.7494
0.1027,0.6937,0.1626,100.0000,70.6813,72.7494
0.0012,0.6698,0.3415,100.0000,63.7470,72.7494
0.0004,0.6922,0.1672,100.0000,65.0852,72.7494
0.0048,0.6955,0.2130,100.0000,64.4769,72.7494
0.0002,0.6799,0.3058,100.0000,70.3163,72.7494
0.0009,0.6941,0.1918,100.0000,67.3966,72.7494
0.0007,0.6768,0.2082,100.0000,71.1679,72.7494
0.0014,0.7036,0.2801,100.0000,70.4380,72.7494
0.0012,0.6968,0.2118,100.0000,70.4380,72.7494
0.0043,0.6752,0.1231,100.0000,70.4380,72.7494
0.0009,0.6952,0.0537,100.0000,68.3698,72.7494
0.0177,0.7069,0.1526,100.0000,71.4112,72.7494
0.0014,0.6946,0.1458,100.0000,73.4793,73.4793
0.0021,0.6979,0.2888,100.0000,71.6545,73.4793
0.0173,0.6845,0.2005,100.0000,72.7494,73.4793
0.0021,0.6974,1.1046,100.0000,69.3431,73.4793
0.0018,0.7085,0.5874,100.0000,63.8686,73.4793
0.0008,0.6916,0.0684,100.0000,69.5864,73.4793
0.0001,0.6949,0.0882,100.0000,60.5839,73.4793
0.0306,0.7020,1.7858,100.0000,70.4380,73.4793
0.0101,0.6746,0.0370,100.0000,70.4380,73.4793
0.0026,0.7005,0.4773,100.0000,70.4380,73.4793
0.0023,0.6869,0.0315,100.0000,70.4380,73.4793
0.0052,0.6555,0.0248,100.0000,70.4380,73.4793
0.0052,0.6871,1.2923,100.0000,70.4380,73.4793
0.0024,0.6994,0.5760,100.0000,70.4380,73.4793
0.0015,0.6858,0.0480,100.0000,70.4380,73.4793
0.0030,0.6891,0.3434,100.0000,70.4380,73.4793
0.0035,0.6825,0.0168,100.0000,70.4380,73.4793
0.0021,0.6798,0.0039,100.0000,70.4380,73.4793
0.0008,0.7116,0.0026,100.0000,70.4380,73.4793
0.0006,0.7097,0.0138,100.0000,69.3431,73.4793
0.0022,0.6852,0.0212,100.0000,70.0730,73.4793
0.0470,0.6921,0.0629,100.0000,69.2214,73.4793
0.0026,0.6780,0.0237,100.0000,70.4380,73.4793
0.0023,0.6908,0.0254,100.0000,69.7080,73.4793
0.0012,0.6908,0.0262,100.0000,70.4380,73.4793
0.0028,0.6771,0.0411,100.0000,68.3698,73.4793
0.0055,0.6784,0.0218,100.0000,68.3698,73.4793
0.0027,0.6810,0.1753,100.0000,68.3698,73.4793
0.0528,0.6849,0.6543,100.0000,70.4380,73.4793
0.0029,0.6786,0.1139,100.0000,70.4380,73.4793
0.0011,0.7022,0.0168,100.0000,68.3698,73.4793
0.0287,0.6810,0.1121,100.0000,69.0998,73.4793
0.0020,0.6998,0.0451,100.0000,62.6521,73.4793
0.0015,0.6944,0.0119,100.0000,62.6521,73.4793
0.0018,0.6857,0.2587,100.0000,70.4380,73.4793
0.0006,0.6840,0.0013,100.0000,70.4380,73.4793
0.0016,0.6949,0.1866,100.0000,70.4380,73.4793
0.0007,0.6914,0.1622,100.0000,70.4380,73.4793
0.0459,0.6734,0.1465,100.0000,68.3698,73.4793
0.0003,0.6520,0.0087,100.0000,68.3698,73.4793
0.0007,0.6875,0.6707,100.0000,68.3698,73.4793
0.0011,0.6897,0.4585,100.0000,68.3698,73.4793
0.0006,0.7069,0.0112,100.0000,68.3698,73.4793
0.0012,0.6921,0.0069,100.0000,68.3698,73.4793
0.0005,0.6876,0.0169,100.0000,68.3698,73.4793
0.0008,0.6599,0.0493,100.0000,60.5839,73.4793
0.0008,0.6944,0.0072,100.0000,60.5839,73.4793
0.0011,0.6891,0.2462,100.0000,60.5839,73.4793
0.0001,0.6979,0.0731,100.0000,60.5839,73.4793
0.0018,0.7011,0.2067,100.0000,60.5839,73.4793
0.0041,0.7021,0.0793,100.0000,70.4380,73.4793
0.0078,0.6986,0.0491,100.0000,70.4380,73.4793
0.0011,0.6821,0.0374,100.0000,70.4380,73.4793
0.0601,0.6783,0.0251,100.0000,68.3698,73.4793
0.0079,0.6840,0.2638,100.0000,68.3698,73.4793
0.0009,0.6991,0.0680,100.0000,68.3698,73.4793
0.0002,0.6921,0.0988,100.0000,71.0462,73.4793
0.0027,0.6816,0.1653,100.0000,68.3698,73.4793
0.0009,0.6936,0.0846,100.0000,68.9781,73.4793
0.0012,0.6778,0.1087,100.0000,65.8151,73.4793
0.0152,0.6613,0.5783,100.0000,58.7591,73.4793
0.0026,0.7046,0.0352,100.0000,62.6521,73.4793
0.1829,0.6780,0.6153,100.0000,61.6788,73.4793
0.0173,0.6883,0.0409,100.0000,66.1800,73.4793
0.0014,0.6731,0.0913,100.0000,70.4380,73.4793
0.0018,0.6907,0.0649,100.0000,70.4380,73.4793
0.0014,0.6853,0.0250,100.0000,70.4380,73.4793
0.0034,0.6797,0.0165,100.0000,70.4380,73.4793
0.0029,0.6663,0.0973,100.0000,68.9781,73.4793
0.0027,0.6827,0.0660,100.0000,68.3698,73.4793
0.0015,0.7010,0.1988,100.0000,69.4647,73.4793
0.0007,0.6890,0.1891,100.0000,68.2482,73.4793
0.0023,0.6733,0.0660,100.0000,69.5864,73.4793
0.0015,0.6903,0.0706,100.0000,72.7494,73.4793
0.0003,0.6933,0.2669,100.0000,64.9635,73.4793
0.0053,0.7057,0.2126,100.0000,63.0170,73.4793
0.0001,0.6881,0.0376,100.0000,64.1119,73.4793
0.0009,0.6893,0.0266,100.0000,63.8686,73.4793
0.0007,0.6892,0.4122,100.0000,65.8151,73.4793
0.0008,0.6865,0.1285,100.0000,66.5450,73.4793
0.0012,0.6913,0.0912,100.0000,72.7494,73.4793
0.0018,0.6710,0.0242,100.0000,71.6545,73.4793
0.0027,0.7037,0.1259,100.0000,73.4793,73.4793
0.0008,0.7033,0.0439,100.0000,73.4793,73.4793
0.0011,0.6910,0.1598,100.0000,66.5450,73.4793
0.0021,0.7040,0.1485,100.0000,72.7494,73.4793
0.0015,0.6904,0.0494,100.0000,72.7494,73.4793
0.0024,0.6813,0.0674,100.0000,66.4234,73.4793
0.0004,0.6723,0.2422,100.0000,62.8954,73.4793
0.0199,0.6805,0.7643,100.0000,72.7494,73.4793
0.0008,0.6977,0.5514,100.0000,72.7494,73.4793
0.0012,0.6873,0.0615,100.0000,72.7494,73.4793
0.0269,0.6892,0.0156,100.0000,72.7494,73.4793
0.0004,0.6859,0.0485,100.0000,72.7494,73.4793
0.0029,0.6785,0.0659,100.0000,72.7494,73.4793
0.0066,0.6887,0.7911,100.0000,71.7762,73.4793
0.0127,0.6896,0.9831,100.0000,64.7202,73.4793
0.0040,0.6852,0.2829,100.0000,70.6813,73.4793
0.0014,0.6729,0.2272,100.0000,70.6813,73.4793
0.0017,0.6899,0.0276,100.0000,70.6813,73.4793
0.0004,0.6958,0.1107,100.0000,71.5328,73.4793
0.0010,0.6856,0.0287,100.0000,71.6545,73.4793
0.0019,0.6750,0.0196,100.0000,70.6813,73.4793
0.0003,0.7143,0.0214,100.0000,70.6813,73.4793
0.0015,0.7038,0.0147,100.0000,70.6813,73.4793
0.0004,0.6977,0.0072,100.0000,70.6813,73.4793
0.0008,0.6729,0.1871,100.0000,70.6813,73.4793
